year,primary_topic,paper_count,year_total,share
2021,ASR adaptation,1,1271,0.07867820613690008
2021,ASR error correction,1,1271,0.07867820613690008
2021,ASR/speaker adaptation,1,1271,0.07867820613690008
2021,ASR/speech recognition,3,1271,0.23603461841070023
2021,MCQ reasoning,2,1271,0.15735641227380015
2021,NER,42,1271,3.304484657749803
2021,QA/abstractive,7,1271,0.5507474429583006
2021,QA/extractive,64,1271,5.035405192761605
2021,RE/relation extraction,37,1271,2.911093627065303
2021,TSA evaluation dataset,1,1271,0.07867820613690008
2021,VLM/vision-language,20,1271,1.5735641227380015
2021,VQA/extractive,1,1271,0.07867820613690008
2021,WSD/lexical semantics,20,1271,1.5735641227380015
2021,acceptability judgment,1,1271,0.07867820613690008
2021,active learning,1,1271,0.07867820613690008
2021,agents/planning,2,1271,0.15735641227380015
2021,anaphora/cataphora,3,1271,0.23603461841070023
2021,annotation quality,1,1271,0.07867820613690008
2021,aspect category sentiment analysis,1,1271,0.07867820613690008
2021,aspect detection,1,1271,0.07867820613690008
2021,aspect-based sentiment analysis,6,1271,0.47206923682140045
2021,aspect-level sentiment analysis,1,1271,0.07867820613690008
2021,authorship attribution,1,1271,0.07867820613690008
2021,bias/fairness,26,1271,2.0456333595594023
2021,causal inference,1,1271,0.07867820613690008
2021,character-centric narrative understanding,1,1271,0.07867820613690008
2021,classification,7,1271,0.5507474429583006
2021,classification/fine-grained,1,1271,0.07867820613690008
2021,classification/multi-label,1,1271,0.07867820613690008
2021,code LMs/generation,9,1271,0.7081038552321007
2021,code summarization,1,1271,0.07867820613690008
2021,continued pretraining/domain-adapt,31,1271,2.4390243902439024
2021,contrastive learning,1,1271,0.07867820613690008
2021,coreference,21,1271,1.6522423288749015
2021,cross-lingual transfer,1,1271,0.07867820613690008
2021,data-to-text generation,1,1271,0.07867820613690008
2021,dataset documentation,1,1271,0.07867820613690008
2021,dataset synthesis/augmentation,5,1271,0.3933910306845004
2021,definition generation,1,1271,0.07867820613690008
2021,dialog/task-oriented,4,1271,0.3147128245476003
2021,dialogue/open-domain,21,1271,1.6522423288749015
2021,dialogue/task-oriented,73,1271,5.743509047993705
2021,discourse classification,1,1271,0.07867820613690008
2021,discourse segmentation,2,1271,0.15735641227380015
2021,distillation,11,1271,0.865460267505901
2021,efficiency & systems,1,1271,0.07867820613690008
2021,efficiency/systems,1,1271,0.07867820613690008
2021,emotion analysis,1,1271,0.07867820613690008
2021,emotion cause extraction,1,1271,0.07867820613690008
2021,emotion detection,1,1271,0.07867820613690008
2021,emotion detection/dimensional,1,1271,0.07867820613690008
2021,emotion inference in dialogue,1,1271,0.07867820613690008
2021,emotion recognition,1,1271,0.07867820613690008
2021,entity linking,3,1271,0.23603461841070023
2021,entity resolution,1,1271,0.07867820613690008
2021,entity retrieval,1,1271,0.07867820613690008
2021,evaluation methodology,28,1271,2.2029897718332023
2021,evaluation/benchmarks,15,1271,1.1801730920535012
2021,event extraction,23,1271,1.8095987411487018
2021,explainability,1,1271,0.07867820613690008
2021,explainability/interpretability,1,1271,0.07867820613690008
2021,explanations/self-consistency,4,1271,0.3147128245476003
2021,fact verification,13,1271,1.0228166797797011
2021,factuality/knowledge editing,9,1271,0.7081038552321007
2021,grammar correction,1,1271,0.07867820613690008
2021,grammar correction/unsupervised,1,1271,0.07867820613690008
2021,grammatical error correction,1,1271,0.07867820613690008
2021,grammatical error detection,1,1271,0.07867820613690008
2021,hate/abuse detection,6,1271,0.47206923682140045
2021,humor detection,1,1271,0.07867820613690008
2021,image captioning,5,1271,0.3933910306845004
2021,instruction tuning/SFT,7,1271,0.5507474429583006
2021,interpretability/SAE/features,21,1271,1.6522423288749015
2021,keyphrase extraction,1,1271,0.07867820613690008
2021,keyphrase generation,2,1271,0.15735641227380015
2021,keyword extraction,1,1271,0.07867820613690008
2021,knowledge base population,1,1271,0.07867820613690008
2021,knowledge graphs/ontologies,41,1271,3.225806451612903
2021,legal document similarity classification,1,1271,0.07867820613690008
2021,long-context/memory,9,1271,0.7081038552321007
2021,machine translation,70,1271,5.507474429583006
2021,mechanistic interpretability,1,1271,0.07867820613690008
2021,medical report generation,1,1271,0.07867820613690008
2021,meta-learning,1,1271,0.07867820613690008
2021,morphology/POS,10,1271,0.7867820613690008
2021,multilingual alignment,9,1271,0.7081038552321007
2021,multimodal RAG,8,1271,0.6294256490952006
2021,multimodal classification,2,1271,0.15735641227380015
2021,multimodal machine translation,1,1271,0.07867820613690008
2021,multimodality,1,1271,0.07867820613690008
2021,neural-symbolic,2,1271,0.15735641227380015
2021,open information extraction,1,1271,0.07867820613690008
2021,open-domain QA,2,1271,0.15735641227380015
2021,other:Chinese text error correction,1,1271,0.07867820613690008
2021,other:Fermi problems reasoning challenge,1,1271,0.07867820613690008
2021,other:OCR error correction and deduplication,1,1271,0.07867820613690008
2021,other:abbreviation expansion,1,1271,0.07867820613690008
2021,other:active learning with training dynamics,1,1271,0.07867820613690008
2021,other:adversarial regularization optimization,1,1271,0.07867820613690008
2021,other:advertiser-aware relevance modeling,1,1271,0.07867820613690008
2021,other:aspect sentiment classification continual learning,1,1271,0.07867820613690008
2021,other:authorship verification,1,1271,0.07867820613690008
2021,other:auxiliary task selection,1,1271,0.07867820613690008
2021,other:bilingual lexicon induction,1,1271,0.07867820613690008
2021,other:bilingual markup transfer,1,1271,0.07867820613690008
2021,other:causal direction in NLP,1,1271,0.07867820613690008
2021,other:causal inference with text and numerical data,1,1271,0.07867820613690008
2021,other:classification post-processing,1,1271,0.07867820613690008
2021,other:clause recommendation,1,1271,0.07867820613690008
2021,other:co-teaching ensemble learning,1,1271,0.07867820613690008
2021,other:coarse-to-fine classification,1,1271,0.07867820613690008
2021,other:compositional generalization,1,1271,0.07867820613690008
2021,other:content planning in data-to-text generation,1,1271,0.07867820613690008
2021,other:contextualized discourse representation,1,1271,0.07867820613690008
2021,other:continual few-shot learning,2,1271,0.15735641227380015
2021,other:counter-contrastive learning for language GANs,1,1271,0.07867820613690008
2021,other:counterfactual detection,1,1271,0.07867820613690008
2021,other:cross-lingual few-shot classification,1,1271,0.07867820613690008
2021,other:cross-lingual transfer with dictionary-based graph,1,1271,0.07867820613690008
2021,other:data labeling with LLMs,1,1271,0.07867820613690008
2021,other:data-to-text generation,1,1271,0.07867820613690008
2021,other:definition generation with specificity,1,1271,0.07867820613690008
2021,other:dialogue-based contrastive learning,1,1271,0.07867820613690008
2021,other:directed semantic graph for text generation,1,1271,0.07867820613690008
2021,other:discourse-aware latent variable generation,1,1271,0.07867820613690008
2021,other:discrete variational autoencoders for disentanglement,1,1271,0.07867820613690008
2021,other:document hashing,1,1271,0.07867820613690008
2021,other:document representation learning with graph attention,1,1271,0.07867820613690008
2021,other:document-level paraphrase generation,1,1271,0.07867820613690008
2021,other:embedding stability analysis,1,1271,0.07867820613690008
2021,other:emerging topic detection,1,1271,0.07867820613690008
2021,other:emotion embeddings,1,1271,0.07867820613690008
2021,other:ensemble boosting method,1,1271,0.07867820613690008
2021,other:entity adaptation across languages,1,1271,0.07867820613690008
2021,other:entity type injection in text generation,1,1271,0.07867820613690008
2021,other:euphemistic phrase detection,1,1271,0.07867820613690008
2021,other:evidence association,1,1271,0.07867820613690008
2021,other:explanation graph generation,1,1271,0.07867820613690008
2021,other:exposure bias analysis,1,1271,0.07867820613690008
2021,other:feedback comment generation,1,1271,0.07867820613690008
2021,other:font reconstruction,1,1271,0.07867820613690008
2021,other:forecast aggregation with justifications,1,1271,0.07867820613690008
2021,other:generative discriminator guidance,1,1271,0.07867820613690008
2021,other:graph structure encoding in PLMs,1,1271,0.07867820613690008
2021,other:grounded language understanding,1,1271,0.07867820613690008
2021,other:hierarchical heterogeneous graph learning,1,1271,0.07867820613690008
2021,other:hierarchical multi-label classification,1,1271,0.07867820613690008
2021,other:homophony quantification,1,1271,0.07867820613690008
2021,other:humour rating,1,1271,0.07867820613690008
2021,other:hyperbole generation,1,1271,0.07867820613690008
2021,other:ideological worldview alignment,1,1271,0.07867820613690008
2021,other:imbalanced text classification,1,1271,0.07867820613690008
2021,other:implicit discourse relation recognition,1,1271,0.07867820613690008
2021,other:instruction execution in grounded domains,1,1271,0.07867820613690008
2021,other:item difficulty estimation,1,1271,0.07867820613690008
2021,other:iterated language learning with neural agents,1,1271,0.07867820613690008
2021,other:knowledge-aware meta-learning,1,1271,0.07867820613690008
2021,other:language change in instruction following,1,1271,0.07867820613690008
2021,other:language to program synthesis,1,1271,0.07867820613690008
2021,other:leveled reading classification,1,1271,0.07867820613690008
2021,other:lexical inference in context,1,1271,0.07867820613690008
2021,other:lexically constrained text generation,1,1271,0.07867820613690008
2021,other:math word problem generation,1,1271,0.07867820613690008
2021,other:mathematical notation semantics,1,1271,0.07867820613690008
2021,other:mathematical reasoning with graph neural networks,1,1271,0.07867820613690008
2021,other:mathematical word problem generation,1,1271,0.07867820613690008
2021,other:meta-embedding evaluation,1,1271,0.07867820613690008
2021,other:meta-embedding methods,1,1271,0.07867820613690008
2021,other:meta-learning gradient regularization,1,1271,0.07867820613690008
2021,other:metaphor identification,1,1271,0.07867820613690008
2021,other:mixup regularization,1,1271,0.07867820613690008
2021,other:model selection for cross-lingual transfer,1,1271,0.07867820613690008
2021,other:model-based brain-language analysis,1,1271,0.07867820613690008
2021,other:moral change tracing,1,1271,0.07867820613690008
2021,other:multi-label annotation learning,1,1271,0.07867820613690008
2021,other:multi-label classification imbalance,1,1271,0.07867820613690008
2021,other:multi-label document classification with heterogeneous graphs,1,1271,0.07867820613690008
2021,other:multi-label text classification,1,1271,0.07867820613690008
2021,other:multi-loss optimization,1,1271,0.07867820613690008
2021,other:multi-task learning with transformers,1,1271,0.07867820613690008
2021,other:multimodal EHR data integration,1,1271,0.07867820613690008
2021,other:multiparallel word alignment,1,1271,0.07867820613690008
2021,other:narrative theory integration,1,1271,0.07867820613690008
2021,other:natural language video localization,1,1271,0.07867820613690008
2021,other:neural architecture search,1,1271,0.07867820613690008
2021,other:neural program synthesis,1,1271,0.07867820613690008
2021,other:neural topic modeling,1,1271,0.07867820613690008
2021,other:neural topic modeling for short texts,1,1271,0.07867820613690008
2021,other:numeracy learning,1,1271,0.07867820613690008
2021,other:one-class topic classification,1,1271,0.07867820613690008
2021,other:open-world classification,1,1271,0.07867820613690008
2021,other:opinion role labeling,1,1271,0.07867820613690008
2021,other:out-of-domain detection,1,1271,0.07867820613690008
2021,other:paraphrase generation,2,1271,0.15735641227380015
2021,other:personality detection with questionnaire guidance,1,1271,0.07867820613690008
2021,other:personalization in NLG,1,1271,0.07867820613690008
2021,other:phrase embeddings,1,1271,0.07867820613690008
2021,other:quantum NLP,1,1271,0.07867820613690008
2021,other:randomly weighted subnetworks,1,1271,0.07867820613690008
2021,other:readability assessment,1,1271,0.07867820613690008
2021,other:responsible data use,1,1271,0.07867820613690008
2021,other:rumor detection,1,1271,0.07867820613690008
2021,other:segment-based generation policy,1,1271,0.07867820613690008
2021,other:selective transfer learning,1,1271,0.07867820613690008
2021,other:self-training with grammar rules,1,1271,0.07867820613690008
2021,other:semantic novelty detection,1,1271,0.07867820613690008
2021,other:sentence embedding learning,1,1271,0.07867820613690008
2021,other:sentence embedding with locality preserving,1,1271,0.07867820613690008
2021,other:sentence embeddings,1,1271,0.07867820613690008
2021,other:sentence-level autoencoder,1,1271,0.07867820613690008
2021,other:sentence-permuted generation,1,1271,0.07867820613690008
2021,other:situated social reasoning,1,1271,0.07867820613690008
2021,other:sociolinguistic lexical variables,1,1271,0.07867820613690008
2021,other:softmax tree classifier,1,1271,0.07867820613690008
2021,other:spectral sampling for annotation selection,1,1271,0.07867820613690008
2021,other:stylometry-based authorship attribution,1,1271,0.07867820613690008
2021,other:surprisal-duration trade-off,1,1271,0.07867820613690008
2021,other:syntax-semantics disentanglement,1,1271,0.07867820613690008
2021,other:tag recommendation,1,1271,0.07867820613690008
2021,other:task sampling policy learning,1,1271,0.07867820613690008
2021,other:text segmentation with transformers,1,1271,0.07867820613690008
2021,other:topic clustering with noise filtering,1,1271,0.07867820613690008
2021,other:topic modeling update algorithms,1,1271,0.07867820613690008
2021,other:translationese classification,1,1271,0.07867820613690008
2021,other:uniform information density hypothesis,1,1271,0.07867820613690008
2021,other:unsupervised paraphrasing,1,1271,0.07867820613690008
2021,other:unsupervised sentence embeddings,1,1271,0.07867820613690008
2021,other:weakly supervised adversarial learning,1,1271,0.07867820613690008
2021,other:word order analysis,1,1271,0.07867820613690008
2021,other:zero-shot commonsense reasoning,1,1271,0.07867820613690008
2021,paraphrase generation,3,1271,0.23603461841070023
2021,paraphrase identification,1,1271,0.07867820613690008
2021,paraphrasing,1,1271,0.07867820613690008
2021,parsing/constituency,8,1271,0.6294256490952006
2021,parsing/dependency,28,1271,2.2029897718332023
2021,parsing/semantic,2,1271,0.15735641227380015
2021,post-OCR error correction,1,1271,0.07867820613690008
2021,pretraining/objectives,42,1271,3.304484657749803
2021,privacy/federated/DP,7,1271,0.5507474429583006
2021,pruning/LoRA/adapters,10,1271,0.7867820613690008
2021,quality estimation,1,1271,0.07867820613690008
2021,quality estimation/classification reformulation,1,1271,0.07867820613690008
2021,quality estimation/word-level QE,1,1271,0.07867820613690008
2021,quantization,1,1271,0.07867820613690008
2021,reading order detection,1,1271,0.07867820613690008
2021,reasoning with tools,5,1271,0.3933910306845004
2021,recommendation systems,4,1271,0.3147128245476003
2021,reinforcement learning,1,1271,0.07867820613690008
2021,retrieval augmentation/dense,34,1271,2.675059008654603
2021,retrieval augmentation/sparse,2,1271,0.15735641227380015
2021,robustness/OOD/adversarial,32,1271,2.5177025963808024
2021,routing/mixture-of-experts,1,1271,0.07867820613690008
2021,rumor detection,1,1271,0.07867820613690008
2021,safety/jailbreak defense,8,1271,0.6294256490952006
2021,safety/robustness/OOD/adversarial,1,1271,0.07867820613690008
2021,safety/toxicity/hallucination,8,1271,0.6294256490952006
2021,sampling/decoding control,8,1271,0.6294256490952006
2021,scaling laws,1,1271,0.07867820613690008
2021,semantic parsing,7,1271,0.5507474429583006
2021,semantic role labeling,2,1271,0.15735641227380015
2021,sentence embeddings,1,1271,0.07867820613690008
2021,sentence ordering,2,1271,0.15735641227380015
2021,sentence representation learning,1,1271,0.07867820613690008
2021,sentence splitting,1,1271,0.07867820613690008
2021,sentiment analysis,8,1271,0.6294256490952006
2021,sentiment analysis/ABSA,1,1271,0.07867820613690008
2021,sentiment analysis/moral sentiment,1,1271,0.07867820613690008
2021,sentiment classification,1,1271,0.07867820613690008
2021,simplification,3,1271,0.23603461841070023
2021,slot filling,5,1271,0.3933910306845004
2021,speech recognition,1,1271,0.07867820613690008
2021,speech translation,1,1271,0.07867820613690008
2021,spelling error correction,1,1271,0.07867820613690008
2021,stance detection,11,1271,0.865460267505901
2021,style transfer/controllable text,17,1271,1.3375295043273014
2021,summarization,56,1271,4.405979543666405
2021,table-to-text generation,1,1271,0.07867820613690008
2021,temporal IE,7,1271,0.5507474429583006
2021,text classification,2,1271,0.15735641227380015
2021,text simplification,1,1271,0.07867820613690008
2021,text-to-SQL parsing,1,1271,0.07867820613690008
2021,theory of mind modeling,1,1271,0.07867820613690008
2021,throughput/latency/inference serving,1,1271,0.07867820613690008
2021,tokenization/subwording,11,1271,0.865460267505901
2021,topic modeling,1,1271,0.07867820613690008
2021,toxicity detection,10,1271,0.7867820613690008
2021,uncertainty/calibration,2,1271,0.15735641227380015
2021,video QA/reasoning,2,1271,0.15735641227380015
2021,visual question answering,1,1271,0.07867820613690008
2021,weakly-supervised classification,1,1271,0.07867820613690008
2021,zero-shot cross-lingual IE,1,1271,0.07867820613690008
2022,ASR error detection,1,1376,0.07267441860465117
2022,ASR/speech recognition,8,1376,0.5813953488372093
2022,MCQ reasoning,3,1376,0.2180232558139535
2022,NER,38,1376,2.761627906976744
2022,QA/MCQ reasoning,1,1376,0.07267441860465117
2022,QA/abstractive,10,1376,0.7267441860465116
2022,QA/extractive,65,1376,4.723837209302325
2022,RE/relation extraction,45,1376,3.2703488372093026
2022,RL for text generation,1,1376,0.07267441860465117
2022,VLM/vision-language,30,1376,2.1802325581395348
2022,WSD/lexical semantics,12,1376,0.872093023255814
2022,acceptability judgment,1,1376,0.07267441860465117
2022,active learning,2,1376,0.14534883720930233
2022,affective computing,1,1376,0.07267441860465117
2022,agents/planning,3,1376,0.2180232558139535
2022,anaphora/cataphora,1,1376,0.07267441860465117
2022,argument mining,2,1376,0.14534883720930233
2022,aspect category detection,2,1376,0.14534883720930233
2022,aspect-based sentiment analysis,1,1376,0.07267441860465117
2022,aspect-based sentiment classification,1,1376,0.07267441860465117
2022,aspect-level sentiment analysis,1,1376,0.07267441860465117
2022,audit/measurement,3,1376,0.2180232558139535
2022,authorship verification,1,1376,0.07267441860465117
2022,bias/fairness,23,1376,1.6715116279069766
2022,classification,1,1376,0.07267441860465117
2022,clinical NLP,1,1376,0.07267441860465117
2022,clinical outcome prediction,1,1376,0.07267441860465117
2022,code LMs/generation,9,1376,0.6540697674418605
2022,code search,1,1376,0.07267441860465117
2022,code-mixing,1,1376,0.07267441860465117
2022,continued pretraining/domain-adapt,34,1376,2.4709302325581395
2022,coreference,15,1376,1.0901162790697674
2022,data augmentation,1,1376,0.07267441860465117
2022,data augmentation for tabular inference,1,1376,0.07267441860465117
2022,data-to-text generation,2,1376,0.14534883720930233
2022,dataset synthesis/augmentation,3,1376,0.2180232558139535
2022,definition modeling,1,1376,0.07267441860465117
2022,dialog/task-oriented,1,1376,0.07267441860465117
2022,dialogue embeddings,1,1376,0.07267441860465117
2022,dialogue/open-domain,15,1376,1.0901162790697674
2022,dialogue/task-oriented,65,1376,4.723837209302325
2022,distillation,8,1376,0.5813953488372093
2022,domain generalization in QA,1,1376,0.07267441860465117
2022,embedding learning,1,1376,0.07267441860465117
2022,entity linking,2,1376,0.14534883720930233
2022,evaluation methodology,33,1376,2.3982558139534884
2022,evaluation/benchmarks,35,1376,2.5436046511627906
2022,evaluation/metrics for NLG,1,1376,0.07267441860465117
2022,event extraction,20,1376,1.4534883720930232
2022,explainability,1,1376,0.07267441860465117
2022,explanations/self-consistency,3,1376,0.2180232558139535
2022,fact verification,22,1376,1.5988372093023258
2022,factuality/knowledge editing,15,1376,1.0901162790697674
2022,few-shot learning,2,1376,0.14534883720930233
2022,grammar error correction,2,1376,0.14534883720930233
2022,graph neural networks,1,1376,0.07267441860465117
2022,hate/abuse detection,8,1376,0.5813953488372093
2022,hierarchical classification,2,1376,0.14534883720930233
2022,humor detection,1,1376,0.07267441860465117
2022,image captioning,3,1376,0.2180232558139535
2022,instruction tuning/SFT,17,1376,1.2354651162790697
2022,interpretability/SAE/features,33,1376,2.3982558139534884
2022,keyphrase generation,2,1376,0.14534883720930233
2022,knowledge graphs/ontologies,45,1376,3.2703488372093026
2022,knowledge tracing,1,1376,0.07267441860465117
2022,legal judgment prediction,1,1376,0.07267441860465117
2022,long document classification,1,1376,0.07267441860465117
2022,long-context/memory,4,1376,0.29069767441860467
2022,machine translation,66,1376,4.796511627906977
2022,medical report generation,1,1376,0.07267441860465117
2022,medical term normalization,1,1376,0.07267441860465117
2022,metaphor detection,1,1376,0.07267441860465117
2022,morphology/POS,5,1376,0.3633720930232558
2022,multi-label classification,1,1376,0.07267441860465117
2022,multilingual alignment,8,1376,0.5813953488372093
2022,multimodal RAG,12,1376,0.872093023255814
2022,multimodal aspect-based sentiment analysis,1,1376,0.07267441860465117
2022,multimodality,2,1376,0.14534883720930233
2022,neural-symbolic,2,1376,0.14534883720930233
2022,noun property prediction,1,1376,0.07267441860465117
2022,numerical reasoning over measurements,1,1376,0.07267441860465117
2022,open-domain QA,6,1376,0.436046511627907
2022,other:absent keyphrase generation,1,1376,0.07267441860465117
2022,other:active learning,1,1376,0.07267441860465117
2022,other:adapter differentiation for task correlation,1,1376,0.07267441860465117
2022,other:agent modeling in LMs,1,1376,0.07267441860465117
2022,other:ancient Greek language modeling,1,1376,0.07267441860465117
2022,other:annotator personalization,1,1376,0.07267441860465117
2022,other:argument mining generative modeling,1,1376,0.07267441860465117
2022,other:argumentative essay generation,1,1376,0.07267441860465117
2022,other:authorship representation learning,1,1376,0.07267441860465117
2022,other:automated story generation with commonsense,1,1376,0.07267441860465117
2022,other:automatic rule induction,1,1376,0.07267441860465117
2022,other:behavioral coding in psychotherapy,1,1376,0.07267441860465117
2022,other:belief alignment modeling,1,1376,0.07267441860465117
2022,other:belief tracking,1,1376,0.07267441860465117
2022,other:bilingual lexicon induction,3,1376,0.2180232558139535
2022,other:chapter ordering,1,1376,0.07267441860465117
2022,other:cloze distractor generation,1,1376,0.07267441860465117
2022,other:code vulnerability detection,1,1376,0.07267441860465117
2022,other:cognitive modeling with LMs,1,1376,0.07267441860465117
2022,other:color term usage in color-blindness,1,1376,0.07267441860465117
2022,other:commonsense knowledge salience evaluation,1,1376,0.07267441860465117
2022,other:commonsense reasoning with discourse connectives,1,1376,0.07267441860465117
2022,other:compositionality diagnosis,1,1376,0.07267441860465117
2022,other:compositionality induction,1,1376,0.07267441860465117
2022,other:computational framing analysis,1,1376,0.07267441860465117
2022,other:concept prerequisite learning,1,1376,0.07267441860465117
2022,other:conditional set generation,1,1376,0.07267441860465117
2022,other:construction grammar probing,1,1376,0.07267441860465117
2022,other:continual learning calibration,1,1376,0.07267441860465117
2022,other:continual learning in LMs,1,1376,0.07267441860465117
2022,other:controllable code-switched generation,1,1376,0.07267441860465117
2022,other:controllable recipe editing,1,1376,0.07267441860465117
2022,other:coordinated topic modeling,1,1376,0.07267441860465117
2022,other:counterfactual data augmentation,1,1376,0.07267441860465117
2022,other:deontic modality detection,1,1376,0.07267441860465117
2022,other:dialect identification,1,1376,0.07267441860465117
2022,other:dictionary-assisted contrastive learning,1,1376,0.07267441860465117
2022,other:discourse relation recognition,1,1376,0.07267441860465117
2022,other:document structure identification in undeciphered scripts,1,1376,0.07267441860465117
2022,other:editing process modeling,1,1376,0.07267441860465117
2022,other:emoji prediction,1,1376,0.07267441860465117
2022,other:error correction training strategy,1,1376,0.07267441860465117
2022,other:execution-based program selection,1,1376,0.07267441860465117
2022,other:extractive memorization in constrained sequence generation,1,1376,0.07267441860465117
2022,other:extreme multi-label classification,1,1376,0.07267441860465117
2022,other:financial risk prediction with dialogue GNN,1,1376,0.07267441860465117
2022,other:fine-grained category discovery,1,1376,0.07267441860465117
2022,other:fine-tuning performance prediction,1,1376,0.07267441860465117
2022,other:form creation recommendation,1,1376,0.07267441860465117
2022,other:game commentary generation,1,1376,0.07267441860465117
2022,other:hierarchical multi-label classification,1,1376,0.07267441860465117
2022,other:implicit discourse relation recognition,1,1376,0.07267441860465117
2022,other:inductive biases in LMs,1,1376,0.07267441860465117
2022,other:instruction learning challenges,1,1376,0.07267441860465117
2022,other:isomorphism in embedding spaces,1,1376,0.07267441860465117
2022,other:iterative prompting for chain of thought,1,1376,0.07267441860465117
2022,other:iterative text revision system,1,1376,0.07267441860465117
2022,other:keyphrase generation,1,1376,0.07267441860465117
2022,other:keyphrase generation calibration,1,1376,0.07267441860465117
2022,other:label modular prompt tuning,1,1376,0.07267441860465117
2022,other:language-based environment manipulation,1,1376,0.07267441860465117
2022,other:linguistic influence prediction,1,1376,0.07267441860465117
2022,other:long-form story generation,1,1376,0.07267441860465117
2022,other:long-tailed learning with prompt tuning,1,1376,0.07267441860465117
2022,other:lyric-to-melody generation,1,1376,0.07267441860465117
2022,other:math word problem solving,1,1376,0.07267441860465117
2022,other:measurement extraction,1,1376,0.07267441860465117
2022,other:memory-assisted prompt editing,1,1376,0.07267441860465117
2022,other:mining-based zero-shot learning,1,1376,0.07267441860465117
2022,other:modal verb function classification,1,1376,0.07267441860465117
2022,other:model watermarking,1,1376,0.07267441860465117
2022,other:multi-task learning conflict analysis,1,1376,0.07267441860465117
2022,other:multi-view active learning,1,1376,0.07267441860465117
2022,other:multilingual word alignment,1,1376,0.07267441860465117
2022,other:multimodal conversational query rewrite,1,1376,0.07267441860465117
2022,other:negation interpretation,1,1376,0.07267441860465117
2022,other:neural story generation with reader models,1,1376,0.07267441860465117
2022,other:neural topic model reinterpretation,1,1376,0.07267441860465117
2022,other:news recommendation bias mitigation,1,1376,0.07267441860465117
2022,other:non-autoregressive poetry generation,1,1376,0.07267441860465117
2022,other:non-transferable learning,1,1376,0.07267441860465117
2022,other:numerical reasoning with DAG decoding,1,1376,0.07267441860465117
2022,other:object use classification,1,1376,0.07267441860465117
2022,other:open world classification,1,1376,0.07267441860465117
2022,other:ordinal regression,1,1376,0.07267441860465117
2022,other:paraphrase tagging,1,1376,0.07267441860465117
2022,other:peer-review score prediction,1,1376,0.07267441860465117
2022,other:personality prediction,1,1376,0.07267441860465117
2022,other:poetry generation,1,1376,0.07267441860465117
2022,other:political actor representation learning,1,1376,0.07267441860465117
2022,other:post-OCR text correction,1,1376,0.07267441860465117
2022,other:pragmatic production strategies,1,1376,0.07267441860465117
2022,other:proactive data collection methodology,1,1376,0.07267441860465117
2022,other:proof generation,1,1376,0.07267441860465117
2022,other:proper noun compound semantic interpretation,1,1376,0.07267441860465117
2022,other:pun generation,2,1376,0.14534883720930233
2022,other:pun humor understanding and generation,1,1376,0.07267441860465117
2022,other:readability assessment,1,1376,0.07267441860465117
2022,other:recipe generation,1,1376,0.07267441860465117
2022,other:relationship-driven story generation,1,1376,0.07267441860465117
2022,other:representation-based text matching,1,1376,0.07267441860465117
2022,other:research time allocation,1,1376,0.07267441860465117
2022,other:restaurant survival prediction,1,1376,0.07267441860465117
2022,other:seeded hierarchical clustering,1,1376,0.07267441860465117
2022,other:semi-autoregressive text editing,1,1376,0.07267441860465117
2022,other:semi-supervised lifelong learning,1,1376,0.07267441860465117
2022,other:sentence embedding learning,1,1376,0.07267441860465117
2022,other:sentence embeddings,1,1376,0.07267441860465117
2022,other:sequential controlled text generation,1,1376,0.07267441860465117
2022,other:sharpness-aware minimization,1,1376,0.07267441860465117
2022,other:sign language recognition,1,1376,0.07267441860465117
2022,other:simile recognition,1,1376,0.07267441860465117
2022,other:story generation,1,1376,0.07267441860465117
2022,other:structural generalization in seq2seq,1,1376,0.07267441860465117
2022,other:structured knowledge grounding,1,1376,0.07267441860465117
2022,other:synthetic EHR generation,1,1376,0.07267441860465117
2022,other:task embedding for transferability prediction,1,1376,0.07267441860465117
2022,other:text editing as imitation game,1,1376,0.07267441860465117
2022,other:text games RL,1,1376,0.07267441860465117
2022,other:text revision in scientific writing,1,1376,0.07267441860465117
2022,other:time-aware prompting,1,1376,0.07267441860465117
2022,other:topic-aware discrete latent variable modeling,1,1376,0.07267441860465117
2022,other:topical segmentation of spoken narratives,1,1376,0.07267441860465117
2022,other:topological topic modeling,1,1376,0.07267441860465117
2022,other:transferability estimation,1,1376,0.07267441860465117
2022,other:transformer-based recurrent VAE,1,1376,0.07267441860465117
2022,other:unsupervised sentence embedding,1,1376,0.07267441860465117
2022,other:unsupervised sentence embedding learning,1,1376,0.07267441860465117
2022,other:user encoding learning,1,1376,0.07267441860465117
2022,other:variational autoencoder with disentanglement priors,1,1376,0.07267441860465117
2022,other:vision-augmented table-to-text generation,1,1376,0.07267441860465117
2022,other:weak supervision noise separation,1,1376,0.07267441860465117
2022,other:weighted finite-state automata algorithms,1,1376,0.07267441860465117
2022,other:world models in text-based games,1,1376,0.07267441860465117
2022,other:zero-shot multi-label classification,1,1376,0.07267441860465117
2022,paraphrase generation,3,1376,0.2180232558139535
2022,parsing/constituency,10,1376,0.7267441860465116
2022,parsing/dependency,17,1376,1.2354651162790697
2022,parsing/semantic parsing,1,1376,0.07267441860465117
2022,pretraining/objectives,64,1376,4.651162790697675
2022,privacy/deidentification,1,1376,0.07267441860465117
2022,privacy/federated/DP,12,1376,0.872093023255814
2022,program repair,1,1376,0.07267441860465117
2022,program synthesis,1,1376,0.07267441860465117
2022,prompt tuning/vision-language models,1,1376,0.07267441860465117
2022,prompt-based learning,1,1376,0.07267441860465117
2022,pruning/LoRA/adapters,19,1376,1.380813953488372
2022,quality estimation,1,1376,0.07267441860465117
2022,quantization,3,1376,0.2180232558139535
2022,reasoning with tools,11,1376,0.7994186046511629
2022,recommendation systems,2,1376,0.14534883720930233
2022,reference expression generation,1,1376,0.07267441860465117
2022,retrieval augmentation/dense,53,1376,3.8517441860465116
2022,retrieval augmentation/sparse,4,1376,0.29069767441860467
2022,robustness/OOD/adversarial,48,1376,3.488372093023256
2022,routing/mixture-of-experts,4,1376,0.29069767441860467
2022,safety/jailbreak defense,7,1376,0.5087209302325582
2022,safety/privacy/federated/DP,1,1376,0.07267441860465117
2022,safety/robustness,2,1376,0.14534883720930233
2022,safety/robustness/OOD/adversarial,1,1376,0.07267441860465117
2022,safety/toxicity/hallucination,16,1376,1.1627906976744187
2022,safety/uncertainty/calibration,2,1376,0.14534883720930233
2022,sampling/decoding control,7,1376,0.5087209302325582
2022,semantic parsing,7,1376,0.5087209302325582
2022,semantic parsing/text-to-SQL,3,1376,0.2180232558139535
2022,semantic role labeling,1,1376,0.07267441860465117
2022,semantic similarity,1,1376,0.07267441860465117
2022,semi-supervised learning,1,1376,0.07267441860465117
2022,sentence embeddings,1,1376,0.07267441860465117
2022,sentence representation learning,1,1376,0.07267441860465117
2022,sentiment analysis,5,1376,0.3633720930232558
2022,sentiment analysis/aspect based sentiment analysis,1,1376,0.07267441860465117
2022,simplification,3,1376,0.2180232558139535
2022,slot filling,6,1376,0.436046511627907
2022,spatial role labeling,1,1376,0.07267441860465117
2022,speaker diarization,2,1376,0.14534883720930233
2022,speech emotion conversion,1,1376,0.07267441860465117
2022,speech translation,3,1376,0.2180232558139535
2022,spell checking,1,1376,0.07267441860465117
2022,stance detection,12,1376,0.872093023255814
2022,style transfer/controllable text,11,1376,0.7994186046511629
2022,summarization,53,1376,3.8517441860465116
2022,symptom identification,1,1376,0.07267441860465117
2022,table-to-text generation,1,1376,0.07267441860465117
2022,temporal IE,4,1376,0.29069767441860467
2022,text classification,1,1376,0.07267441860465117
2022,text-to-SQL parsing,1,1376,0.07267441860465117
2022,text-to-image,2,1376,0.14534883720930233
2022,time series forecasting,1,1376,0.07267441860465117
2022,tokenization/subwording,13,1376,0.944767441860465
2022,topic modeling,2,1376,0.14534883720930233
2022,toxicity detection,7,1376,0.5087209302325582
2022,uncertainty/calibration,5,1376,0.3633720930232558
2022,video QA/reasoning,3,1376,0.2180232558139535
2022,video captioning,1,1376,0.07267441860465117
2022,video grounding,1,1376,0.07267441860465117
2022,weak supervision,1,1376,0.07267441860465117
2022,weakly supervised learning,1,1376,0.07267441860465117
2022,weakly-supervised classification,1,1376,0.07267441860465117
2022,zero-shot learning,2,1376,0.14534883720930233
2023,ASR,1,2106,0.04748338081671415
2023,ASR adaptation,1,2106,0.04748338081671415
2023,ASR error correction,1,2106,0.04748338081671415
2023,ASR/speech recognition,14,2106,0.6647673314339981
2023,HTR/handwritten text recognition,1,2106,0.04748338081671415
2023,MCQ reasoning,16,2106,0.7597340930674265
2023,NER,69,2106,3.276353276353276
2023,NLI/clinical trial reports,1,2106,0.04748338081671415
2023,QA/abstractive,9,2106,0.4273504273504274
2023,QA/extractive,79,2106,3.751187084520418
2023,RE/relation extraction,44,2106,2.089268755935423
2023,RLHF/GRPO/PPO,4,2106,0.1899335232668566
2023,TTS/speech synthesis,4,2106,0.1899335232668566
2023,VLM/vision-language,58,2106,2.7540360873694207
2023,WSD/lexical semantics,21,2106,0.9971509971509971
2023,active learning,5,2106,0.23741690408357075
2023,agents/planning,13,2106,0.6172839506172839
2023,anaphora/cataphora,1,2106,0.04748338081671415
2023,annotation practices,1,2106,0.04748338081671415
2023,annotation projection,1,2106,0.04748338081671415
2023,annotation/labeling,1,2106,0.04748338081671415
2023,argument mining,5,2106,0.23741690408357075
2023,aspect category detection,1,2106,0.04748338081671415
2023,aspect sentiment triplet extraction,2,2106,0.0949667616334283
2023,aspect-based sentiment analysis,3,2106,0.14245014245014245
2023,audit/measurement,3,2106,0.14245014245014245
2023,authorship attribution,1,2106,0.04748338081671415
2023,authorship verification,1,2106,0.04748338081671415
2023,automatic post-editing,1,2106,0.04748338081671415
2023,benchmark/dataset creation,1,2106,0.04748338081671415
2023,bias/fairness,51,2106,2.4216524216524213
2023,biomedical NLP,1,2106,0.04748338081671415
2023,causal inference from text,1,2106,0.04748338081671415
2023,causal inference in dialogue,1,2106,0.04748338081671415
2023,causal rationale detection,1,2106,0.04748338081671415
2023,classification,2,2106,0.0949667616334283
2023,classification/text classification,1,2106,0.04748338081671415
2023,code LMs/generation,19,2106,0.9021842355175688
2023,continued pretraining/domain-adapt,47,2106,2.231718898385565
2023,coreference,16,2106,0.7597340930674265
2023,cross-lingual NLU,1,2106,0.04748338081671415
2023,data augmentation,1,2106,0.04748338081671415
2023,data filtering/deduplication,1,2106,0.04748338081671415
2023,data-to-text generation,1,2106,0.04748338081671415
2023,dataset augmentation,1,2106,0.04748338081671415
2023,dataset synthesis/augmentation,7,2106,0.33238366571699907
2023,dialog/task-oriented,1,2106,0.04748338081671415
2023,dialogue evaluation with LLM prompting,1,2106,0.04748338081671415
2023,dialogue quality assessment,1,2106,0.04748338081671415
2023,dialogue segmentation,1,2106,0.04748338081671415
2023,dialogue/open-domain,34,2106,1.6144349477682813
2023,dialogue/task-oriented,84,2106,3.9886039886039883
2023,disfluency correction,1,2106,0.04748338081671415
2023,distillation,12,2106,0.5698005698005698
2023,distress detection,1,2106,0.04748338081671415
2023,education/LLM pedagogical challenges,1,2106,0.04748338081671415
2023,efficiency/systems,1,2106,0.04748338081671415
2023,emotion analysis,1,2106,0.04748338081671415
2023,emotion cause extraction,1,2106,0.04748338081671415
2023,emotion recognition,3,2106,0.14245014245014245
2023,emotion recognition in conversation,1,2106,0.04748338081671415
2023,entity linking,4,2106,0.1899335232668566
2023,error detection,1,2106,0.04748338081671415
2023,evaluation methodology,84,2106,3.9886039886039883
2023,evaluation/benchmarks,62,2106,2.9439696106362776
2023,event extraction,25,2106,1.1870845204178537
2023,explainability,2,2106,0.0949667616334283
2023,explanations/self-consistency,2,2106,0.0949667616334283
2023,fact verification,25,2106,1.1870845204178537
2023,factuality/knowledge editing,41,2106,1.94681861348528
2023,federated learning,1,2106,0.04748338081671415
2023,few-shot classification,1,2106,0.04748338081671415
2023,few-shot learning,1,2106,0.04748338081671415
2023,finance volatility prediction,1,2106,0.04748338081671415
2023,frame identification,1,2106,0.04748338081671415
2023,generation,2,2106,0.0949667616334283
2023,grammatical error correction,2,2106,0.0949667616334283
2023,hallucination/omission detection,1,2106,0.04748338081671415
2023,hate/abuse detection,13,2106,0.6172839506172839
2023,hierarchical multi-label classification,1,2106,0.04748338081671415
2023,image captioning,3,2106,0.14245014245014245
2023,implicit discourse relation recognition,1,2106,0.04748338081671415
2023,instruction tuning/SFT,49,2106,2.3266856600189936
2023,intent detection,2,2106,0.0949667616334283
2023,interpretability/SAE/features,31,2106,1.4719848053181388
2023,keyphrase extraction,2,2106,0.0949667616334283
2023,knowledge editing,1,2106,0.04748338081671415
2023,knowledge graphs/ontologies,36,2106,1.7094017094017095
2023,knowledge selection/pre-generation,1,2106,0.04748338081671415
2023,language identification,1,2106,0.04748338081671415
2023,legal case outcome classification,1,2106,0.04748338081671415
2023,legal judgment analysis,1,2106,0.04748338081671415
2023,legal judgment prediction,4,2106,0.1899335232668566
2023,legal statute prediction,1,2106,0.04748338081671415
2023,long-context/memory,15,2106,0.7122507122507122
2023,machine translation,71,2106,3.3713200379867048
2023,mechanistic interpretability,3,2106,0.14245014245014245
2023,medical report generation,1,2106,0.04748338081671415
2023,memorization analysis,1,2106,0.04748338081671415
2023,mental health detection,1,2106,0.04748338081671415
2023,morphology/POS,15,2106,0.7122507122507122
2023,multi-label classification,1,2106,0.04748338081671415
2023,multilingual alignment,11,2106,0.5223171889838557
2023,multimodal RAG,20,2106,0.949667616334283
2023,multimodal aspect-based sentiment analysis,1,2106,0.04748338081671415
2023,multimodal classification,1,2106,0.04748338081671415
2023,multimodal machine translation,2,2106,0.0949667616334283
2023,multimodal sentiment classification,1,2106,0.04748338081671415
2023,multimodality,1,2106,0.04748338081671415
2023,multimodality RAG,1,2106,0.04748338081671415
2023,neural-symbolic,2,2106,0.0949667616334283
2023,open information extraction,1,2106,0.04748338081671415
2023,open-domain QA,5,2106,0.23741690408357075
2023,open-ended commonsense reasoning,1,2106,0.04748338081671415
2023,open-world IE/entity profiling,1,2106,0.04748338081671415
2023,other:3D pose normalization for sign language,1,2106,0.04748338081671415
2023,other:3D referring expression comprehension,1,2106,0.04748338081671415
2023,other:Chinese spelling check detection and reasoning,1,2106,0.04748338081671415
2023,other:HTML understanding,1,2106,0.04748338081671415
2023,other:LLM collaboration consistency,1,2106,0.04748338081671415
2023,other:LLM-guided combinatorial search,1,2106,0.04748338081671415
2023,other:NLI-informed text generation,1,2106,0.04748338081671415
2023,other:UMLS vocabulary insertion,1,2106,0.04748338081671415
2023,other:Wasserstein distance approximation,1,2106,0.04748338081671415
2023,other:abstract segmentation,1,2106,0.04748338081671415
2023,other:active learning for NLG,1,2106,0.04748338081671415
2023,other:analogy mapping,1,2106,0.04748338081671415
2023,other:annotator perspective modeling,1,2106,0.04748338081671415
2023,other:annotator representation modeling,1,2106,0.04748338081671415
2023,other:anomaly detection,1,2106,0.04748338081671415
2023,other:aphasia type detection,1,2106,0.04748338081671415
2023,other:attitude-guided rebuttal generation,1,2106,0.04748338081671415
2023,other:authorship attribution,1,2106,0.04748338081671415
2023,other:automatic readability assessment,1,2106,0.04748338081671415
2023,other:bilingual lexicon induction,1,2106,0.04748338081671415
2023,other:bilingual lexicon induction with LLMs,1,2106,0.04748338081671415
2023,other:boolean logic reasoning,1,2106,0.04748338081671415
2023,other:causal effect estimation in NLP,1,2106,0.04748338081671415
2023,other:causal reasoning datasets,1,2106,0.04748338081671415
2023,other:causality explanation generation,1,2106,0.04748338081671415
2023,other:character similarity metric learning,1,2106,0.04748338081671415
2023,other:character understanding,1,2106,0.04748338081671415
2023,other:chemical reaction prediction,1,2106,0.04748338081671415
2023,other:clinical trial design with LMs,1,2106,0.04748338081671415
2023,other:cloze explanation generation,1,2106,0.04748338081671415
2023,other:code-switching metrics with intonation units,1,2106,0.04748338081671415
2023,other:cognitive appraisal modeling,1,2106,0.04748338081671415
2023,other:cognitive distortion detection,2,2106,0.0949667616334283
2023,other:cognitive tree reasoning,1,2106,0.04748338081671415
2023,other:column name expansion,1,2106,0.04748338081671415
2023,other:commonsense generation control,1,2106,0.04748338081671415
2023,other:compositional generalization,1,2106,0.04748338081671415
2023,other:compositional generalization in data-to-text,1,2106,0.04748338081671415
2023,other:compositional representation learning,1,2106,0.04748338081671415
2023,other:computational expressivity of RNN language models,1,2106,0.04748338081671415
2023,other:computational power of linear transformers,1,2106,0.04748338081671415
2023,other:concept-aware LLMs,1,2106,0.04748338081671415
2023,other:conceptual role learning,1,2106,0.04748338081671415
2023,other:conditional natural language inference,1,2106,0.04748338081671415
2023,other:conditional semantic textual similarity,1,2106,0.04748338081671415
2023,other:contextual faithfulness in LLMs,1,2106,0.04748338081671415
2023,other:continual learning for mixed tasks,1,2106,0.04748338081671415
2023,other:continual learning for vision-and-language,1,2106,0.04748338081671415
2023,other:continual text classification,1,2106,0.04748338081671415
2023,other:contrastive learning for code search,1,2106,0.04748338081671415
2023,other:contrastive learning improvements,1,2106,0.04748338081671415
2023,other:contrastive learning with knowledge distillation,1,2106,0.04748338081671415
2023,other:controllable data generation,1,2106,0.04748338081671415
2023,other:controlled generation evaluation,1,2106,0.04748338081671415
2023,other:cross-domain code vulnerability detection,1,2106,0.04748338081671415
2023,other:cross-field citation analysis,1,2106,0.04748338081671415
2023,other:cross-lingual transfer optimization,1,2106,0.04748338081671415
2023,other:cross-modal and cross-lingual grounding,1,2106,0.04748338081671415
2023,other:cross-modal concept bottleneck models,1,2106,0.04748338081671415
2023,other:cross-model communication,1,2106,0.04748338081671415
2023,other:curriculum learning for text graphs,1,2106,0.04748338081671415
2023,other:decision making with dynamic memory,1,2106,0.04748338081671415
2023,other:deep clustering optimization,1,2106,0.04748338081671415
2023,other:defeasible moral reasoning,1,2106,0.04748338081671415
2023,other:degree and polarity in language models,1,2106,0.04748338081671415
2023,other:depth-wise graph neural network,1,2106,0.04748338081671415
2023,other:dialect text transfer,1,2106,0.04748338081671415
2023,other:diffusion language modeling,1,2106,0.04748338081671415
2023,other:diffusion models for text generation,1,2106,0.04748338081671415
2023,other:discourse coherence assessment,1,2106,0.04748338081671415
2023,other:disinformation dataset and analysis,1,2106,0.04748338081671415
2023,other:distributed text analysis framework,1,2106,0.04748338081671415
2023,other:domain transfer in text classification,1,2106,0.04748338081671415
2023,other:early maladaptive schema identification,1,2106,0.04748338081671415
2023,other:efficient RNN-transformer hybrid,1,2106,0.04748338081671415
2023,other:electronic circuit design from text,1,2106,0.04748338081671415
2023,other:embedding inversion,1,2106,0.04748338081671415
2023,other:embodied instruction following,1,2106,0.04748338081671415
2023,other:embodied sequence modeling,1,2106,0.04748338081671415
2023,other:emotion representation learning,1,2106,0.04748338081671415
2023,other:empathic similarity modeling,1,2106,0.04748338081671415
2023,other:enthymeme detection and reconstruction,1,2106,0.04748338081671415
2023,other:experience notebook for LLM task solving,1,2106,0.04748338081671415
2023,other:expression tree decoding,1,2106,0.04748338081671415
2023,other:extremely weakly supervised text classification,1,2106,0.04748338081671415
2023,other:few-shot prompting stability,1,2106,0.04748338081671415
2023,other:field analysis and community study,1,2106,0.04748338081671415
2023,other:financial risk detection,1,2106,0.04748338081671415
2023,other:fine-grained category discovery,1,2106,0.04748338081671415
2023,other:formal mathematical proof reduction,1,2106,0.04748338081671415
2023,other:gender-neutral rewriting,1,2106,0.04748338081671415
2023,other:generative spoken language modeling,1,2106,0.04748338081671415
2023,other:geo-diverse commonsense inference,1,2106,0.04748338081671415
2023,other:goal-driven explainable clustering,1,2106,0.04748338081671415
2023,other:grammar concept extraction for L2 learning,1,2106,0.04748338081671415
2023,other:graph-based text classification,1,2106,0.04748338081671415
2023,other:graph-centric language model,1,2106,0.04748338081671415
2023,other:handwritten mathematical expression recognition correction,1,2106,0.04748338081671415
2023,other:handwritten text error detection,1,2106,0.04748338081671415
2023,other:hierarchical contrastive learning,1,2106,0.04748338081671415
2023,other:human-LLM co-annotation,1,2106,0.04748338081671415
2023,other:human-free active learning,1,2106,0.04748338081671415
2023,other:hypernetwork-based domain adaptation,1,2106,0.04748338081671415
2023,other:in-context demonstration selection,1,2106,0.04748338081671415
2023,other:in-context example selection,2,2106,0.0949667616334283
2023,other:in-context learning mechanism,1,2106,0.04748338081671415
2023,other:incomplete modality rumor detection,1,2106,0.04748338081671415
2023,other:incremental text classification,1,2106,0.04748338081671415
2023,other:inductive bias in LSTMs,1,2106,0.04748338081671415
2023,other:integrated reasoning framework,1,2106,0.04748338081671415
2023,other:intent discovery,1,2106,0.04748338081671415
2023,other:intent-based duplicate question detection,1,2106,0.04748338081671415
2023,other:inter-annotator agreement metrics,1,2106,0.04748338081671415
2023,other:interactive text generation,1,2106,0.04748338081671415
2023,other:interpretable sentence embeddings,1,2106,0.04748338081671415
2023,other:keyphrase generation,1,2106,0.04748338081671415
2023,other:knowledge distillation for reasoning,1,2106,0.04748338081671415
2023,other:language coherence for dementia monitoring,1,2106,0.04748338081671415
2023,other:language identification,1,2106,0.04748338081671415
2023,other:layout attention with gaussian biases,1,2106,0.04748338081671415
2023,other:learning from label proportions,1,2106,0.04748338081671415
2023,other:legal NLP interdisciplinary analysis,1,2106,0.04748338081671415
2023,other:legal reasoning classification,1,2106,0.04748338081671415
2023,other:length generalizability in contrastive learning,1,2106,0.04748338081671415
2023,other:level of dialectness quantification,1,2106,0.04748338081671415
2023,other:lifelong sequence generation,1,2106,0.04748338081671415
2023,other:linguistic concept learning benchmark,1,2106,0.04748338081671415
2023,other:linguistic disorder markers in dementia,1,2106,0.04748338081671415
2023,other:loop invariant synthesis,1,2106,0.04748338081671415
2023,other:low-resource automatic program repair,1,2106,0.04748338081671415
2023,other:lyrics-melody alignment,1,2106,0.04748338081671415
2023,other:manifold-preserving attention,1,2106,0.04748338081671415
2023,other:markup language model for web understanding,1,2106,0.04748338081671415
2023,other:math word problem solving,1,2106,0.04748338081671415
2023,other:media storm modeling,1,2106,0.04748338081671415
2023,other:medical report generation,1,2106,0.04748338081671415
2023,other:memory-augmented language modeling,1,2106,0.04748338081671415
2023,other:memory-augmented reasoning,1,2106,0.04748338081671415
2023,other:metaphor detection,1,2106,0.04748338081671415
2023,other:model editing benchmark,1,2106,0.04748338081671415
2023,other:model editing for commonsense,1,2106,0.04748338081671415
2023,other:model extraction attacks,1,2106,0.04748338081671415
2023,other:model merging for multimodal transformers,1,2106,0.04748338081671415
2023,other:model watermarking,1,2106,0.04748338081671415
2023,other:model weight space analysis,1,2106,0.04748338081671415
2023,other:model-adaptive prompt optimization,1,2106,0.04748338081671415
2023,other:modular decomposition for reasoning,1,2106,0.04748338081671415
2023,other:multi-label classification with definitions,1,2106,0.04748338081671415
2023,other:multilingual encoder-to-generator adaptation,1,2106,0.04748338081671415
2023,other:multimodal LLM editing,1,2106,0.04748338081671415
2023,other:multimodal mathematical reasoning,1,2106,0.04748338081671415
2023,other:narrative alignment,1,2106,0.04748338081671415
2023,other:narrative alignment analysis,1,2106,0.04748338081671415
2023,other:narrative understanding,1,2106,0.04748338081671415
2023,other:natural language program semantics annotation,1,2106,0.04748338081671415
2023,other:natural language to temporal logic translation,1,2106,0.04748338081671415
2023,other:new intent discovery,1,2106,0.04748338081671415
2023,other:non-autoregressive text editing,1,2106,0.04748338081671415
2023,other:non-compositional expression generation,1,2106,0.04748338081671415
2023,other:non-compositional expression representation,1,2106,0.04748338081671415
2023,other:open information extraction,1,2106,0.04748338081671415
2023,other:paraphrase generation for intent classification,1,2106,0.04748338081671415
2023,other:paraphrase type modeling,1,2106,0.04748338081671415
2023,other:personality detection model,1,2106,0.04748338081671415
2023,other:personality detection with CoT,1,2106,0.04748338081671415
2023,other:phonological reconstruction,1,2106,0.04748338081671415
2023,other:pixel-based text rendering,1,2106,0.04748338081671415
2023,other:political scaling analysis,1,2106,0.04748338081671415
2023,other:pragmatics in language grounding,1,2106,0.04748338081671415
2023,other:probabilistic finite-state automata,1,2106,0.04748338081671415
2023,other:prompt selection metric,1,2106,0.04748338081671415
2023,other:prompting decision trees,1,2106,0.04748338081671415
2023,other:qualitative code suggestion,1,2106,0.04748338081671415
2023,other:readability assessment,1,2106,0.04748338081671415
2023,other:regulation and NLP,1,2106,0.04748338081671415
2023,other:research directions in NLP,1,2106,0.04748338081671415
2023,other:research evolution analysis,1,2106,0.04748338081671415
2023,other:review disagreement detection,1,2106,0.04748338081671415
2023,other:rhetorical parallelism detection,1,2106,0.04748338081671415
2023,other:rule accumulation for LLM error correction,1,2106,0.04748338081671415
2023,other:scanpath generation,1,2106,0.04748338081671415
2023,other:scholarly corpus construction,1,2106,0.04748338081671415
2023,other:self-ensemble lexically constrained decoding,1,2106,0.04748338081671415
2023,other:self-refinement and cost-performance trade-offs,1,2106,0.04748338081671415
2023,other:self-supervised behavior cloning,1,2106,0.04748338081671415
2023,other:semi-parametric text classification,1,2106,0.04748338081671415
2023,other:semi-structured object sequence encoding,1,2106,0.04748338081671415
2023,other:semi-supervised crisis tweet classification debiasing,1,2106,0.04748338081671415
2023,other:sentence embedding dimensionality,1,2106,0.04748338081671415
2023,other:sentence embedding improvement,1,2106,0.04748338081671415
2023,other:sentence embeddings from BERT layers combination,1,2106,0.04748338081671415
2023,other:sentence ordering,1,2106,0.04748338081671415
2023,other:sentence similarity metrics,1,2106,0.04748338081671415
2023,other:sign language recognition,1,2106,0.04748338081671415
2023,other:social norm reasoning,1,2106,0.04748338081671415
2023,other:soft label training for single-label classification,1,2106,0.04748338081671415
2023,other:spoiler detection,1,2106,0.04748338081671415
2023,other:statistical depth for embeddings,1,2106,0.04748338081671415
2023,other:stopping rules for TAR,1,2106,0.04748338081671415
2023,other:story pacing control,1,2106,0.04748338081671415
2023,other:story-level analogy,1,2106,0.04748338081671415
2023,other:super-resolution learning for text classification,1,2106,0.04748338081671415
2023,other:surface structure bias in sentence embeddings,1,2106,0.04748338081671415
2023,other:surprisal effect on reading times,1,2106,0.04748338081671415
2023,other:symptom annotation dataset,1,2106,0.04748338081671415
2023,other:synaesthesia analysis,1,2106,0.04748338081671415
2023,other:syntactically-controlled paraphrase generation,1,2106,0.04748338081671415
2023,other:syntax understanding in embeddings,1,2106,0.04748338081671415
2023,other:table-to-text generation,1,2106,0.04748338081671415
2023,other:task and argument grounding for embodied agents,1,2106,0.04748338081671415
2023,other:task transferability prediction,1,2106,0.04748338081671415
2023,other:temporal language modeling with syntax,1,2106,0.04748338081671415
2023,other:text clustering with LLM guidance,1,2106,0.04748338081671415
2023,other:text game world modeling,1,2106,0.04748338081671415
2023,other:text-to-SQL interaction,1,2106,0.04748338081671415
2023,other:thematic analysis with LLMs,1,2106,0.04748338081671415
2023,other:theory of mind evaluation,1,2106,0.04748338081671415
2023,other:tool synthesis for tabular QA,1,2106,0.04748338081671415
2023,other:topic modeling with diffusion-enhanced embeddings,1,2106,0.04748338081671415
2023,other:topical text classification,1,2106,0.04748338081671415
2023,other:transformer topic disentanglement,1,2106,0.04748338081671415
2023,other:transformer working memory,1,2106,0.04748338081671415
2023,other:translationese in CLS,1,2106,0.04748338081671415
2023,other:typological databases in NLP,1,2106,0.04748338081671415
2023,other:uniform complexity control,1,2106,0.04748338081671415
2023,other:universum class classification,1,2106,0.04748338081671415
2023,other:unsupervised paraphrase generation,1,2106,0.04748338081671415
2023,other:user behavior pretraining,1,2106,0.04748338081671415
2023,other:utterance predictability measurement,1,2106,0.04748338081671415
2023,other:vector-quantized prompt learning,1,2106,0.04748338081671415
2023,other:visually grounded continual language learning,1,2106,0.04748338081671415
2023,other:visually-rich document dataset with eye-tracking,1,2106,0.04748338081671415
2023,other:vulnerability type classification,1,2106,0.04748338081671415
2023,other:weak supervision debiasing,1,2106,0.04748338081671415
2023,other:weak supervision noise correction,1,2106,0.04748338081671415
2023,other:word length optimization,1,2106,0.04748338081671415
2023,other:word vector post-processing,1,2106,0.04748338081671415
2023,other:zero-shot drug-drug interaction prediction,1,2106,0.04748338081671415
2023,other:zero-shot topic inference,1,2106,0.04748338081671415
2023,paraphrase identification,1,2106,0.04748338081671415
2023,parsing/constituency,6,2106,0.2849002849002849
2023,parsing/dependency,25,2106,1.1870845204178537
2023,parsing/discourse,1,2106,0.04748338081671415
2023,parsing/semantic,1,2106,0.04748338081671415
2023,preference learning/DPO,6,2106,0.2849002849002849
2023,pretraining/objectives,54,2106,2.564102564102564
2023,privacy/federated/DP,9,2106,0.4273504273504274
2023,privacy/jailbreak defense,1,2106,0.04748338081671415
2023,prompt-based learning,1,2106,0.04748338081671415
2023,propaganda detection,1,2106,0.04748338081671415
2023,pruning/LoRA/adapters,24,2106,1.1396011396011396
2023,quality estimation,2,2106,0.0949667616334283
2023,quantization,7,2106,0.33238366571699907
2023,quantization/sub-8-bit LLM inference,1,2106,0.04748338081671415
2023,reasoning with tools,16,2106,0.7597340930674265
2023,referring expression comprehension,1,2106,0.04748338081671415
2023,response forecasting,1,2106,0.04748338081671415
2023,retrieval augmentation/dense,75,2106,3.561253561253561
2023,retrieval augmentation/generative retrieval,1,2106,0.04748338081671415
2023,retrieval augmentation/sparse,10,2106,0.4748338081671415
2023,robustness/OOD/adversarial,51,2106,2.4216524216524213
2023,routing/mixture-of-experts,13,2106,0.6172839506172839
2023,safety/bias/fairness,3,2106,0.14245014245014245
2023,safety/jailbreak defense,13,2106,0.6172839506172839
2023,safety/privacy/federated/DP,1,2106,0.04748338081671415
2023,safety/robustness/OOD generalization,1,2106,0.04748338081671415
2023,safety/toxicity/hallucination,64,2106,3.038936372269706
2023,sampling/decoding control,10,2106,0.4748338081671415
2023,scaling laws,1,2106,0.04748338081671415
2023,selective prediction,1,2106,0.04748338081671415
2023,self-rationalization,1,2106,0.04748338081671415
2023,semantic parsing,6,2106,0.2849002849002849
2023,semantic parsing/text-to-SQL,1,2106,0.04748338081671415
2023,semantic role labeling,2,2106,0.0949667616334283
2023,semantic similarity,1,2106,0.04748338081671415
2023,semi-supervised learning,1,2106,0.04748338081671415
2023,sentiment analysis,9,2106,0.4273504273504274
2023,simplification,8,2106,0.3798670465337132
2023,simultaneous speech translation,1,2106,0.04748338081671415
2023,slot filling,13,2106,0.6172839506172839
2023,speculative decoding/medusa,1,2106,0.04748338081671415
2023,speech translation,8,2106,0.3798670465337132
2023,speech-to-speech translation,1,2106,0.04748338081671415
2023,spoken language understanding,2,2106,0.0949667616334283
2023,stance detection,29,2106,1.3770180436847104
2023,story generation,1,2106,0.04748338081671415
2023,style transfer/controllable text,19,2106,0.9021842355175688
2023,summarization,68,2106,3.2288698955365627
2023,temporal IE,12,2106,0.5698005698005698
2023,text classification,2,2106,0.0949667616334283
2023,theory/generalization,1,2106,0.04748338081671415
2023,throughput/latency/inference serving,3,2106,0.14245014245014245
2023,tokenization/subwording,16,2106,0.7597340930674265
2023,tool use/function calling,4,2106,0.1899335232668566
2023,topic segmentation,2,2106,0.0949667616334283
2023,toxicity detection,19,2106,0.9021842355175688
2023,uncertainty/calibration,4,2106,0.1899335232668566
2023,video QA/reasoning,5,2106,0.23741690408357075
2023,video captioning,1,2106,0.04748338081671415
2023,weakly-supervised classification,1,2106,0.04748338081671415
2023,word-level auto completion,1,2106,0.04748338081671415
2023,zero-shot learning,1,2106,0.04748338081671415
2024,ASR domain adaptation,1,2271,0.044033465433729636
2024,ASR test-time adaptation,2,2271,0.08806693086745927
2024,ASR training with pseudo-labels,1,2271,0.044033465433729636
2024,ASR/multidialectal speech recognition,1,2271,0.044033465433729636
2024,ASR/self-supervised speech representation,1,2271,0.044033465433729636
2024,ASR/speech recognition,19,2271,0.836635843240863
2024,KV-cache/attention optimizations,4,2271,0.17613386173491855
2024,MCQ reasoning,23,2271,1.0127697049757816
2024,NER,25,2271,1.1008366358432409
2024,OCR,1,2271,0.044033465433729636
2024,QA/abstractive,8,2271,0.3522677234698371
2024,QA/extractive,63,2271,2.7741083223249667
2024,RE/relation extraction,23,2271,1.0127697049757816
2024,RLHF/GRPO/PPO,10,2271,0.44033465433729635
2024,RLHF/optimization,1,2271,0.044033465433729636
2024,TTS/speech synthesis,6,2271,0.26420079260237783
2024,VLM/spatial reasoning,1,2271,0.044033465433729636
2024,VLM/vision-language,74,2271,3.258476442095993
2024,WSD/lexical semantics,12,2271,0.5284015852047557
2024,active learning,4,2271,0.17613386173491855
2024,agents/planning,45,2271,1.9815059445178336
2024,anaphora/cataphora,1,2271,0.044033465433729636
2024,annotation methods,1,2271,0.044033465433729636
2024,argument mining,2,2271,0.08806693086745927
2024,aspect sentiment triplet extraction,1,2271,0.044033465433729636
2024,aspect-based sentiment analysis,3,2271,0.13210039630118892
2024,audio LMs,2,2271,0.08806693086745927
2024,audio deepfake detection,1,2271,0.044033465433729636
2024,audit/measurement,8,2271,0.3522677234698371
2024,author diarization,1,2271,0.044033465433729636
2024,autoformalization,1,2271,0.044033465433729636
2024,belief revision,1,2271,0.044033465433729636
2024,benchmarking multimodal code generation,1,2271,0.044033465433729636
2024,bias/fairness,48,2271,2.1136063408190227
2024,causal inference,1,2271,0.044033465433729636
2024,classification,4,2271,0.17613386173491855
2024,classification/emotion recognition,1,2271,0.044033465433729636
2024,classification/fine-grained scientific topics,1,2271,0.044033465433729636
2024,clinical triage with LLMs,1,2271,0.044033465433729636
2024,code LMs/generation,24,2271,1.0568031704095113
2024,code retrieval,1,2271,0.044033465433729636
2024,commonsense reasoning,1,2271,0.044033465433729636
2024,continued pretraining/domain-adapt,60,2271,2.642007926023778
2024,core NLP tasks,1,2271,0.044033465433729636
2024,coreference,11,2271,0.48436811977102595
2024,data augmentation,1,2271,0.044033465433729636
2024,data filtering/deduplication,3,2271,0.13210039630118892
2024,data-to-text generation,1,2271,0.044033465433729636
2024,dataset cleansing,1,2271,0.044033465433729636
2024,dataset synthesis/augmentation,8,2271,0.3522677234698371
2024,dialogue/open-domain,20,2271,0.8806693086745927
2024,dialogue/task-oriented,66,2271,2.906208718626156
2024,distillation,8,2271,0.3522677234698371
2024,education/student simulation,1,2271,0.044033465433729636
2024,emotion analysis,2,2271,0.08806693086745927
2024,emotion classification,1,2271,0.044033465433729636
2024,emotion recognition,3,2271,0.13210039630118892
2024,entity linking,1,2271,0.044033465433729636
2024,evaluation methodology,106,2271,4.667547335975341
2024,evaluation/benchmarks,87,2271,3.830911492734478
2024,event extraction,26,2271,1.1448701012769706
2024,explainability,3,2271,0.13210039630118892
2024,explanations/self-consistency,5,2271,0.22016732716864817
2024,extreme multi-label classification,1,2271,0.044033465433729636
2024,fact verification,24,2271,1.0568031704095113
2024,factuality/knowledge editing,43,2271,1.893439013650374
2024,fairness,1,2271,0.044033465433729636
2024,federated learning,1,2271,0.044033465433729636
2024,few-shot learning,1,2271,0.044033465433729636
2024,generative commonsense reasoning,1,2271,0.044033465433729636
2024,grammatical error correction,3,2271,0.13210039630118892
2024,grammatical error detection,1,2271,0.044033465433729636
2024,hate/abuse detection,12,2271,0.5284015852047557
2024,image captioning,5,2271,0.22016732716864817
2024,instruction tuning/SFT,68,2271,2.9942756494936154
2024,interpretability/SAE/features,42,2271,1.8494055482166447
2024,knowledge distillation,2,2271,0.08806693086745927
2024,knowledge editing,2,2271,0.08806693086745927
2024,knowledge editing conceptual knowledge,1,2271,0.044033465433729636
2024,knowledge editing/factuality,1,2271,0.044033465433729636
2024,knowledge graphs/ontologies,39,2271,1.7173051519154559
2024,learning-to-rank,1,2271,0.044033465433729636
2024,legal judgement prediction,1,2271,0.044033465433729636
2024,legal judgment prediction,1,2271,0.044033465433729636
2024,legal reasoning,1,2271,0.044033465433729636
2024,long document classification,1,2271,0.044033465433729636
2024,long-context/memory,26,2271,1.1448701012769706
2024,machine translation,54,2271,2.3778071334214
2024,mechanistic interpretability,4,2271,0.17613386173491855
2024,medical visual question answering,1,2271,0.044033465433729636
2024,morphology/POS,6,2271,0.26420079260237783
2024,multi-label classification,3,2271,0.13210039630118892
2024,multilingual alignment,10,2271,0.44033465433729635
2024,multimodal RAG,22,2271,0.9687362395420519
2024,multimodal aspect-based sentiment analysis,1,2271,0.044033465433729636
2024,multimodal classification,1,2271,0.044033465433729636
2024,multimodal recommendation,1,2271,0.044033465433729636
2024,multimodal time series forecasting,1,2271,0.044033465433729636
2024,open information extraction,1,2271,0.044033465433729636
2024,open-domain QA,1,2271,0.044033465433729636
2024,optimization stability,1,2271,0.044033465433729636
2024,other:AMR applications survey,1,2271,0.044033465433729636
2024,other:Arabic writing assistance dataset,1,2271,0.044033465433729636
2024,other:Chinese spelling check,1,2271,0.044033465433729636
2024,other:LLM agent experiential reasoning,1,2271,0.044033465433729636
2024,other:LLM communication networks,1,2271,0.044033465433729636
2024,other:LLM decoding for recommendation,1,2271,0.044033465433729636
2024,other:LLM embeddings for medical numerical data,1,2271,0.044033465433729636
2024,other:LLM unlearning optimization,1,2271,0.044033465433729636
2024,other:LLM-based recommender modeling,1,2271,0.044033465433729636
2024,other:LLM-based sequential recommendation,1,2271,0.044033465433729636
2024,other:LLMs for data annotation,1,2271,0.044033465433729636
2024,other:LLMs modeling dynamical systems,1,2271,0.044033465433729636
2024,other:LM program prompt optimization,1,2271,0.044033465433729636
2024,other:active learning evaluation,1,2271,0.044033465433729636
2024,other:affective state identification,1,2271,0.044033465433729636
2024,other:algorithmic reasoning,1,2271,0.044033465433729636
2024,other:alignment for information extraction,1,2271,0.044033465433729636
2024,other:ambiguity handling in LLMs,1,2271,0.044033465433729636
2024,other:ancient Chinese phonology reconstruction,1,2271,0.044033465433729636
2024,other:angle-based similarity for contrastive learning,1,2271,0.044033465433729636
2024,other:animal vocalization analysis,1,2271,0.044033465433729636
2024,other:argument quality assessment,1,2271,0.044033465433729636
2024,other:argument structure constructions,1,2271,0.044033465433729636
2024,other:argumentative essay generation,1,2271,0.044033465433729636
2024,other:attention mechanism optimization,1,2271,0.044033465433729636
2024,other:audio watermarking,1,2271,0.044033465433729636
2024,other:authorship attribution with Bayesian LLMs,1,2271,0.044033465433729636
2024,other:authorship verification,1,2271,0.044033465433729636
2024,other:automated essay scoring,1,2271,0.044033465433729636
2024,other:belief alignment in LLM agents,1,2271,0.044033465433729636
2024,other:bidirectional language modeling,1,2271,0.044033465433729636
2024,other:brain alignment mechanisms,1,2271,0.044033465433729636
2024,other:bug detection sanitization,1,2271,0.044033465433729636
2024,other:caregiver strategy classification,1,2271,0.044033465433729636
2024,other:causal inference in LLMs,1,2271,0.044033465433729636
2024,other:character representation,1,2271,0.044033465433729636
2024,other:chemical language models evaluation,1,2271,0.044033465433729636
2024,other:citation prediction methods,1,2271,0.044033465433729636
2024,other:clean-label backdoor attacks,1,2271,0.044033465433729636
2024,other:code membership inference,1,2271,0.044033465433729636
2024,other:code prompting for reasoning,1,2271,0.044033465433729636
2024,other:cognitive development alignment,1,2271,0.044033465433729636
2024,other:cognitive distortion detection,1,2271,0.044033465433729636
2024,other:cognitive dynamics in LLMs,1,2271,0.044033465433729636
2024,other:coherence detection and rewriting,1,2271,0.044033465433729636
2024,other:command-line embedding,1,2271,0.044033465433729636
2024,other:commonsense causality,1,2271,0.044033465433729636
2024,other:complex word identification,1,2271,0.044033465433729636
2024,other:compositional generalization,1,2271,0.044033465433729636
2024,other:compositional generalization in graph reasoning,1,2271,0.044033465433729636
2024,other:compositionality in mathematical reasoning,1,2271,0.044033465433729636
2024,other:compositionality in neural models,1,2271,0.044033465433729636
2024,other:computational meme understanding,1,2271,0.044033465433729636
2024,other:conditioned sentence representation,1,2271,0.044033465433729636
2024,other:continual learning,1,2271,0.044033465433729636
2024,other:controlled graph translation,1,2271,0.044033465433729636
2024,other:cost optimization for LLMs in low-resource languages,1,2271,0.044033465433729636
2024,other:counterfactual generation,1,2271,0.044033465433729636
2024,other:creative problem solving,1,2271,0.044033465433729636
2024,other:creative story generation,1,2271,0.044033465433729636
2024,other:creative writing evaluation,1,2271,0.044033465433729636
2024,other:cross-instance similarity quantification,1,2271,0.044033465433729636
2024,other:cross-lingual multi-step reasoning,1,2271,0.044033465433729636
2024,other:curriculum consistency learning,1,2271,0.044033465433729636
2024,other:data mixing optimization,1,2271,0.044033465433729636
2024,other:data-centric AI,1,2271,0.044033465433729636
2024,other:data-driven storytelling,1,2271,0.044033465433729636
2024,other:data-generation zero-shot learning,1,2271,0.044033465433729636
2024,other:dataset characterization,1,2271,0.044033465433729636
2024,other:distractor generation,1,2271,0.044033465433729636
2024,other:document logical structuring,1,2271,0.044033465433729636
2024,other:dynamic heuristic reasoning,1,2271,0.044033465433729636
2024,other:dynamic semantic analysis,1,2271,0.044033465433729636
2024,other:dynamic vocabulary generation,1,2271,0.044033465433729636
2024,other:efficient fine-tuning,1,2271,0.044033465433729636
2024,other:embedding axis ordering,1,2271,0.044033465433729636
2024,other:embodied agent error correction learning,1,2271,0.044033465433729636
2024,other:emergent communication compositionality,1,2271,0.044033465433729636
2024,other:emotion classification with MoE,1,2271,0.044033465433729636
2024,other:entity matching with explanation distillation,1,2271,0.044033465433729636
2024,other:explainable adaptive testing,1,2271,0.044033465433729636
2024,other:explainable personality recognition,1,2271,0.044033465433729636
2024,other:explicit memory learning,1,2271,0.044033465433729636
2024,other:extreme multi-label classification,2,2271,0.08806693086745927
2024,other:fMRI-based semantic decoding,1,2271,0.044033465433729636
2024,other:fallacy detection,1,2271,0.044033465433729636
2024,other:feedback generation for writing improvement,1,2271,0.044033465433729636
2024,other:financial market prediction model,1,2271,0.044033465433729636
2024,other:fine-grained category discovery,1,2271,0.044033465433729636
2024,other:formal theorem proving,1,2271,0.044033465433729636
2024,other:formal theorem proving with backward chaining,1,2271,0.044033465433729636
2024,other:geographical attribution,1,2271,0.044033465433729636
2024,other:glossing,1,2271,0.044033465433729636
2024,other:grammatical knowledge induction,1,2271,0.044033465433729636
2024,other:graph foundation models,1,2271,0.044033465433729636
2024,other:hierarchical text rating,1,2271,0.044033465433729636
2024,other:hierarchical topic modeling with anchor words,1,2271,0.044033465433729636
2024,other:historical-psychological text analysis,1,2271,0.044033465433729636
2024,other:implicit discourse relation recognition,1,2271,0.044033465433729636
2024,other:in-context compositional generalization,1,2271,0.044033465433729636
2024,other:in-context example selection,1,2271,0.044033465433729636
2024,other:in-context generation theory,1,2271,0.044033465433729636
2024,other:in-context learning,1,2271,0.044033465433729636
2024,other:in-context learning alignment,1,2271,0.044033465433729636
2024,other:in-context learning data selection,1,2271,0.044033465433729636
2024,other:in-context learning mechanism,1,2271,0.044033465433729636
2024,other:information distribution in L2 writing,1,2271,0.044033465433729636
2024,other:integrated reasoning framework,1,2271,0.044033465433729636
2024,other:intended target identification for anomia,1,2271,0.044033465433729636
2024,other:intent classification,1,2271,0.044033465433729636
2024,other:intention understanding in social intelligence,1,2271,0.044033465433729636
2024,other:judicial decision-making agents,1,2271,0.044033465433729636
2024,other:keyphrase generation domain adaptation,1,2271,0.044033465433729636
2024,other:keyphrase generation with LLMs,1,2271,0.044033465433729636
2024,other:keyword mnemonics generation,1,2271,0.044033465433729636
2024,other:knowledge allocation in LLMs,1,2271,0.044033465433729636
2024,other:knowledge estimation,1,2271,0.044033465433729636
2024,other:label-dependent noise denoising,1,2271,0.044033465433729636
2024,other:language emergence in multi-entity referential games,1,2271,0.044033465433729636
2024,other:language-specific evaluation,1,2271,0.044033465433729636
2024,other:latent reasoning skills,1,2271,0.044033465433729636
2024,other:learning capabilities evaluation,1,2271,0.044033465433729636
2024,other:legal court view generation,1,2271,0.044033465433729636
2024,other:length control in LLMs,1,2271,0.044033465433729636
2024,other:logical fallacy detection,1,2271,0.044033465433729636
2024,other:logical structure analysis,1,2271,0.044033465433729636
2024,other:logits reranking with semantic labels,1,2271,0.044033465433729636
2024,other:machine imagination for commonsense reasoning,1,2271,0.044033465433729636
2024,other:medical decision rule extraction,1,2271,0.044033465433729636
2024,other:medical report generation,1,2271,0.044033465433729636
2024,other:mental disorder detection,1,2271,0.044033465433729636
2024,other:model editing methods,2,2271,0.08806693086745927
2024,other:model editing robustness,1,2271,0.044033465433729636
2024,other:model merging for multi-task learning,1,2271,0.044033465433729636
2024,other:model risk analysis for transfer learning,1,2271,0.044033465433729636
2024,other:model update compatibility,1,2271,0.044033465433729636
2024,other:multi-agent debate for reasoning,1,2271,0.044033465433729636
2024,other:multi-agent root cause analysis,1,2271,0.044033465433729636
2024,other:multi-branched prompt optimization,1,2271,0.044033465433729636
2024,other:multi-modal sarcasm detection,1,2271,0.044033465433729636
2024,other:multi-path chain of thought inference,1,2271,0.044033465433729636
2024,other:multilingual multimodal benchmark,1,2271,0.044033465433729636
2024,other:multitask benchmark,1,2271,0.044033465433729636
2024,other:narrative embeddings,1,2271,0.044033465433729636
2024,other:narrative perception analysis,1,2271,0.044033465433729636
2024,other:narrative schema labeling,1,2271,0.044033465433729636
2024,other:natural language to graph query language,1,2271,0.044033465433729636
2024,other:neural topic modeling with mutual information,1,2271,0.044033465433729636
2024,other:noise detection in literature,1,2271,0.044033465433729636
2024,other:nonnative sentence processing modeling,1,2271,0.044033465433729636
2024,other:null-shot prompting with hallucination,1,2271,0.044033465433729636
2024,other:number encoding for numerical reasoning,1,2271,0.044033465433729636
2024,other:on-demand keyphrase generation,1,2271,0.044033465433729636
2024,other:online continuous sign language recognition,1,2271,0.044033465433729636
2024,other:ontology expansion for conversational understanding,1,2271,0.044033465433729636
2024,other:orthographic knowledge evaluation,1,2271,0.044033465433729636
2024,other:out-of-context knowledge reasoning,1,2271,0.044033465433729636
2024,other:parameter merging in fine-tuning,1,2271,0.044033465433729636
2024,other:path planning with LLMs,1,2271,0.044033465433729636
2024,other:path-star task evaluation,1,2271,0.044033465433729636
2024,other:pedagogical feedback framework,1,2271,0.044033465433729636
2024,other:performance prediction,1,2271,0.044033465433729636
2024,other:persona in LLMs,1,2271,0.044033465433729636
2024,other:personalization with LLMs,1,2271,0.044033465433729636
2024,other:personalized PEFT collaboration,1,2271,0.044033465433729636
2024,other:personalized video comment generation,1,2271,0.044033465433729636
2024,other:persuasive argument evaluation,1,2271,0.044033465433729636
2024,other:philology-oriented LLM,1,2271,0.044033465433729636
2024,other:pixel-based language models,1,2271,0.044033465433729636
2024,other:planning and creativity in news writing,1,2271,0.044033465433729636
2024,other:platform-invariant topic modeling,1,2271,0.044033465433729636
2024,other:policy discourse dataset,1,2271,0.044033465433729636
2024,other:position engineering,1,2271,0.044033465433729636
2024,other:positional awareness in LLMs,1,2271,0.044033465433729636
2024,other:pragmatic reasoning for cross-cultural communication,1,2271,0.044033465433729636
2024,other:pragmatic reasoning in communication,1,2271,0.044033465433729636
2024,other:program-of-thought integration,1,2271,0.044033465433729636
2024,other:prompt engineering analysis,1,2271,0.044033465433729636
2024,other:prompt inversion,1,2271,0.044033465433729636
2024,other:prompt lexical optimization,1,2271,0.044033465433729636
2024,other:prompt obfuscation,1,2271,0.044033465433729636
2024,other:prompt optimization,1,2271,0.044033465433729636
2024,other:prompt optimization in multi-step tasks,1,2271,0.044033465433729636
2024,other:propaganda span annotation,1,2271,0.044033465433729636
2024,other:psychiatric assessment with LLMs,1,2271,0.044033465433729636
2024,other:psychometric alignment,1,2271,0.044033465433729636
2024,other:pun understanding,1,2271,0.044033465433729636
2024,other:quantum RNNs,1,2271,0.044033465433729636
2024,other:reasoning with programs,1,2271,0.044033465433729636
2024,other:recommendation with LLM prompting,1,2271,0.044033465433729636
2024,other:reflective augmentation for math reasoning,1,2271,0.044033465433729636
2024,other:related work generation,1,2271,0.044033465433729636
2024,other:response clarity classification,1,2271,0.044033465433729636
2024,other:reversal curse analysis,1,2271,0.044033465433729636
2024,other:reversal curse mitigation,1,2271,0.044033465433729636
2024,other:rhetorical role labeling,1,2271,0.044033465433729636
2024,other:rhetorical understanding and generation,1,2271,0.044033465433729636
2024,other:scaling behavior analysis,1,2271,0.044033465433729636
2024,other:scientific LLM survey,1,2271,0.044033465433729636
2024,other:screen reading with layout grounding,1,2271,0.044033465433729636
2024,other:script evaluation,1,2271,0.044033465433729636
2024,other:selective annotation for in-context learning,1,2271,0.044033465433729636
2024,other:selective annotation framework,1,2271,0.044033465433729636
2024,other:self-supervised prompting for cross-lingual transfer,1,2271,0.044033465433729636
2024,other:self-training for arithmetic reasoning,1,2271,0.044033465433729636
2024,other:semantic textual similarity tuning,1,2271,0.044033465433729636
2024,other:sentence embeddings with LLMs,1,2271,0.044033465433729636
2024,other:sentence insertion,1,2271,0.044033465433729636
2024,other:sequential sentence classification,1,2271,0.044033465433729636
2024,other:short text clustering,1,2271,0.044033465433729636
2024,other:sign language motion generation,1,2271,0.044033465433729636
2024,other:signed language STEM dataset,1,2271,0.044033465433729636
2024,other:similarity-adjusted surprisal,1,2271,0.044033465433729636
2024,other:slang paraphrasing,1,2271,0.044033465433729636
2024,other:social bias evaluation,1,2271,0.044033465433729636
2024,other:social context grounding,1,2271,0.044033465433729636
2024,other:social intelligence in AI agents,1,2271,0.044033465433729636
2024,other:social norms quantification,1,2271,0.044033465433729636
2024,other:social prediction with LLMs,1,2271,0.044033465433729636
2024,other:source selection planning,1,2271,0.044033465433729636
2024,other:specialized lexicon learning,1,2271,0.044033465433729636
2024,other:spectral modulation in LLMs,1,2271,0.044033465433729636
2024,other:spreadsheet encoding,1,2271,0.044033465433729636
2024,other:story generation with action guidance,1,2271,0.044033465433729636
2024,other:structured problem solving with compositionality,1,2271,0.044033465433729636
2024,other:subjective rationale generation,1,2271,0.044033465433729636
2024,other:suicide detection and risk assessment,1,2271,0.044033465433729636
2024,other:suppositional reasoning benchmark,1,2271,0.044033465433729636
2024,other:surprisal prediction in discourse,1,2271,0.044033465433729636
2024,other:susceptibility modeling,1,2271,0.044033465433729636
2024,other:symbol grounding problem analysis,1,2271,0.044033465433729636
2024,other:symbolic prompt program optimization,1,2271,0.044033465433729636
2024,other:synthetic logical reasoning datasets,1,2271,0.044033465433729636
2024,other:table reasoning preprocessing,1,2271,0.044033465433729636
2024,other:tabular data to text transformation,1,2271,0.044033465433729636
2024,other:targeted unlearning,1,2271,0.044033465433729636
2024,other:task ambiguity in NLG instructions,1,2271,0.044033465433729636
2024,other:task interference in conversational LLMs,1,2271,0.044033465433729636
2024,other:teacher supervision in decoding,1,2271,0.044033465433729636
2024,other:temporal knowledge graph forecasting,1,2271,0.044033465433729636
2024,other:temporal knowledge graph reasoning,1,2271,0.044033465433729636
2024,other:temporal representation learning,1,2271,0.044033465433729636
2024,other:text answer aggregation,1,2271,0.044033465433729636
2024,other:text autoencoders,1,2271,0.044033465433729636
2024,other:text classification data generation,1,2271,0.044033465433729636
2024,other:text clustering refinement,1,2271,0.044033465433729636
2024,other:text-attributed hypergraph node classification,1,2271,0.044033465433729636
2024,other:text-based zero-shot model induction,1,2271,0.044033465433729636
2024,other:text-to-layout planning,1,2271,0.044033465433729636
2024,other:theory of mind complexity measurement,1,2271,0.044033465433729636
2024,other:theory of mind evaluation,1,2271,0.044033465433729636
2024,other:time series feature understanding,1,2271,0.044033465433729636
2024,other:time series reasoning,1,2271,0.044033465433729636
2024,other:token-level ensembling,1,2271,0.044033465433729636
2024,other:tone transcription and clustering,1,2271,0.044033465433729636
2024,other:topic modeling with contextual embeddings,1,2271,0.044033465433729636
2024,other:topological analysis of embeddings,1,2271,0.044033465433729636
2024,other:training data influence analysis,1,2271,0.044033465433729636
2024,other:transformer-rnn connection,1,2271,0.044033465433729636
2024,other:transformers learning n-gram LMs,1,2271,0.044033465433729636
2024,other:trauma event modeling,1,2271,0.044033465433729636
2024,other:uncertainty communication in instruction guidance,1,2271,0.044033465433729636
2024,other:universal domain generalization,1,2271,0.044033465433729636
2024,other:urban activity planning with LLMs,1,2271,0.044033465433729636
2024,other:violent incident detection,1,2271,0.044033465433729636
2024,other:virtual persona conditioning,1,2271,0.044033465433729636
2024,other:visual programming with LLMs,1,2271,0.044033465433729636
2024,other:visual question decomposition,1,2271,0.044033465433729636
2024,other:weak supervision for minority classes,1,2271,0.044033465433729636
2024,other:web scraper generation,1,2271,0.044033465433729636
2024,other:weighted automata learning,1,2271,0.044033465433729636
2024,other:word-anxiety association lexicon,1,2271,0.044033465433729636
2024,other:working memory in LLMs,1,2271,0.044033465433729636
2024,other:zero-cost proxy search,1,2271,0.044033465433729636
2024,other:zero-shot re-ranking,1,2271,0.044033465433729636
2024,other:zeroth-order prompt tuning,1,2271,0.044033465433729636
2024,parsing/constituency,7,2271,0.30823425803610743
2024,parsing/dependency,16,2271,0.7045354469396742
2024,parsing/discourse,1,2271,0.044033465433729636
2024,personalized search,1,2271,0.044033465433729636
2024,post-OCR correction,1,2271,0.044033465433729636
2024,preference learning/DPO,53,2271,2.3337736679876704
2024,pretraining data detection,1,2271,0.044033465433729636
2024,pretraining/objectives,41,2271,1.8053720827829152
2024,privacy/federated/DP,16,2271,0.7045354469396742
2024,privacy/joint attack-defense benchmark,1,2271,0.044033465433729636
2024,prompt engineering,1,2271,0.044033465433729636
2024,prompt learning/audio-language models,1,2271,0.044033465433729636
2024,pruning/LoRA/adapters,45,2271,1.9815059445178336
2024,quantization,12,2271,0.5284015852047557
2024,ranking,1,2271,0.044033465433729636
2024,reasoning with tools,21,2271,0.9247027741083224
2024,recommendation systems,3,2271,0.13210039630118892
2024,referential communication,1,2271,0.044033465433729636
2024,representation learning on text-attributed graphs,1,2271,0.044033465433729636
2024,retrieval augmentation/dense,119,2271,5.239982386613827
2024,retrieval augmentation/generative retrieval,1,2271,0.044033465433729636
2024,retrieval augmentation/simulation,1,2271,0.044033465433729636
2024,retrieval augmentation/sparse,8,2271,0.3522677234698371
2024,robustness/OOD/adversarial,40,2271,1.7613386173491854
2024,routing/mixture-of-experts,15,2271,0.6605019815059445
2024,safety/bias/fairness,3,2271,0.13210039630118892
2024,safety/jailbreak defense,58,2271,2.553940995156319
2024,safety/privacy/federated/DP,2,2271,0.08806693086745927
2024,safety/privacy/fine-grained control,1,2271,0.044033465433729636
2024,safety/robustness,1,2271,0.044033465433729636
2024,safety/robustness/OOD adversarial attacks,1,2271,0.044033465433729636
2024,safety/robustness/OOD adversarial defense,1,2271,0.044033465433729636
2024,safety/robustness/OOD watermarking,1,2271,0.044033465433729636
2024,safety/robustness/OOD/adversarial,1,2271,0.044033465433729636
2024,safety/toxicity/hallucination,108,2271,4.7556142668428
2024,safety/uncertainty,1,2271,0.044033465433729636
2024,safety/uncertainty/calibration,2,2271,0.08806693086745927
2024,sampling/decoding control,18,2271,0.7926023778071334
2024,scaling laws,2,2271,0.08806693086745927
2024,semantic parsing,1,2271,0.044033465433729636
2024,semantic parsing/DRT parsing,1,2271,0.044033465433729636
2024,semantic role labeling,1,2271,0.044033465433729636
2024,semantic textual similarity,1,2271,0.044033465433729636
2024,sentiment analysis,2,2271,0.08806693086745927
2024,sentiment analysis/ABSA,1,2271,0.044033465433729636
2024,sentiment analysis/ATSA,1,2271,0.044033465433729636
2024,sentiment detection,1,2271,0.044033465433729636
2024,sequence labeling,1,2271,0.044033465433729636
2024,simplification,7,2271,0.30823425803610743
2024,simultaneous speech translation,1,2271,0.044033465433729636
2024,slot filling,1,2271,0.044033465433729636
2024,speculative decoding/medusa,7,2271,0.30823425803610743
2024,speech emotion captioning,1,2271,0.044033465433729636
2024,speech recognition,1,2271,0.044033465433729636
2024,speech recognition/language identification,1,2271,0.044033465433729636
2024,speech synthesis,1,2271,0.044033465433729636
2024,speech-to-speech translation,1,2271,0.044033465433729636
2024,stance detection,12,2271,0.5284015852047557
2024,style transfer/controllable text,12,2271,0.5284015852047557
2024,summarization,23,2271,1.0127697049757816
2024,temporal IE,8,2271,0.3522677234698371
2024,text-to-image,3,2271,0.13210039630118892
2024,text-to-image generation,1,2271,0.044033465433729636
2024,text-to-table,1,2271,0.044033465433729636
2024,text-to-table generation,1,2271,0.044033465433729636
2024,theory of mind evaluation,1,2271,0.044033465433729636
2024,throughput/latency/inference serving,1,2271,0.044033465433729636
2024,tokenization/subwording,20,2271,0.8806693086745927
2024,tool use/function calling,7,2271,0.30823425803610743
2024,topic modeling,2,2271,0.08806693086745927
2024,toxicity detection,14,2271,0.6164685160722149
2024,uncertainty/calibration,8,2271,0.3522677234698371
2024,video QA/reasoning,7,2271,0.30823425803610743
2024,video grounding,1,2271,0.044033465433729636
2024,visual argument understanding,1,2271,0.044033465433729636
